text,label
curriculum vitae professional summary work experience education skills certifications,Resume
certifications skills education experience work summary professional vitae curriculum,Resume
objective seeking full time role software engineer python django flask rest api,Resume
objective seeking full time role software engineer python django flask rest api objective seeking full time role software engineer python django flask rest api,Resume
api rest flask django python engineer software role time full seeking objective,Resume
employment history company title dates responsibilities achievements metrics increased revenue,Resume
revenue increased metrics achievements responsibilities dates title company history employment,Resume
technical skills programming languages frameworks databases cloud aws azure gcp,Resume
technical skills programming languages frameworks databases cloud aws azure gcp technical skills programming languages frameworks databases cloud aws azure gcp,Resume
gcp azure aws cloud databases frameworks languages programming skills technical,Resume
projects portfolio github gitlab deployed application users open source contributor,Resume
contributor source open users application deployed gitlab github portfolio projects,Resume
references available upon request contact phone email linkedin profile url,Resume
references available upon request contact phone email linkedin profile url references available upon request contact phone email linkedin profile url,Resume
url profile linkedin email phone contact request upon available references,Resume
internship experience summer analyst research assistant teaching assistant gpa honors,Resume
honors gpa assistant teaching assistant research analyst summer experience internship,Resume
volunteer leadership club president hackathon mentor coding bootcamp instructor,Resume
volunteer leadership club president hackathon mentor coding bootcamp instructor volunteer leadership club president hackathon mentor coding bootcamp instructor,Resume
instructor bootcamp coding mentor hackathon president club leadership volunteer,Resume
languages spoken english spanish mandarin proficiency native fluent conversational,Resume
conversational fluent native proficiency mandarin spanish english spoken languages,Resume
certifications aws solutions architect pmp scrum master cisco ccna comptia security plus,Resume
plus security comptia ccna cisco master scrum pmp architect solutions aws certifications,Resume
managed team of engineers roadmap sprint planning code review hiring interviews,Resume
managed team of engineers roadmap sprint planning code review hiring interviews document section paragraph 0 details context,Resume
bachelor master phd degree university college graduation year dean list scholarship,Resume
sales quota exceeded crm pipeline negotiation client retention account management,Resume
nurse rn licensure clinical rotations patient care ehr epic cerner hospital,Resume
nurse rn licensure clinical rotations patient care ehr epic cerner hospital document section paragraph 0 details context,Resume
graphic designer adobe creative suite branding typography layout print digital,Resume
graphic designer adobe creative suite branding typography layout print digital document section paragraph 0 details context,Resume
invoice number date due amount bill to ship to payment terms net thirty,Invoice
invoice number date due amount bill to ship to payment terms net thirty invoice number date due amount bill to ship to payment terms net thirty,Invoice
thirty net terms payment to ship to bill amount due date number invoice,Invoice
line item description quantity unit price extended total subtotal tax vat gst,Invoice
line item description quantity unit price extended total subtotal tax vat gst line item description quantity unit price extended total subtotal tax vat gst,Invoice
gst vat tax subtotal total extended price unit quantity description item line,Invoice
remit payment to bank account routing ach wire swift iban reference number,Invoice
remit payment to bank account routing ach wire swift iban reference number remit payment to bank account routing ach wire swift iban reference number,Invoice
number reference iban swift wire ach routing account bank to payment remit,Invoice
purchase order number customer id account balance statement amount due usd eur,Invoice
purchase order number customer id account balance statement amount due usd eur purchase order number customer id account balance statement amount due usd eur,Invoice
eur usd due amount statement balance account id customer number order purchase,Invoice
credit memo debit note adjustment refund partial payment applied invoices,Invoice
credit memo debit note adjustment refund partial payment applied invoices credit memo debit note adjustment refund partial payment applied invoices,Invoice
invoices applied payment partial refund adjustment note debit memo credit,Invoice
shipping handling freight customs duty incoterms fob cif destination origin,Invoice
shipping handling freight customs duty incoterms fob cif destination origin shipping handling freight customs duty incoterms fob cif destination origin,Invoice
origin destination cif fob incoterms duty customs freight handling shipping,Invoice
subscription billing period recurring charge prorate upgrade license seats,Invoice
subscription billing period recurring charge prorate upgrade license seats subscription billing period recurring charge prorate upgrade license seats,Invoice
seats license upgrade prorate charge recurring period billing subscription,Invoice
vendor supplier remittance advice check number deposit applied receivables,Invoice
vendor supplier remittance advice check number deposit applied receivables vendor supplier remittance advice check number deposit applied receivables,Invoice
receivables applied deposit number check advice remittance supplier vendor,Invoice
utility meter reading consumption kwh therms service address billing cycle,Invoice
utility meter reading consumption kwh therms service address billing cycle utility meter reading consumption kwh therms service address billing cycle,Invoice
cycle billing address service therms kwh consumption reading meter utility,Invoice
medical bill cpt code copay deductible insurance claim patient responsibility,Invoice
medical bill cpt code copay deductible insurance claim patient responsibility medical bill cpt code copay deductible insurance claim patient responsibility,Invoice
responsibility patient claim insurance deductible copay code cpt bill medical,Invoice
proforma commercial export packing list weight dimensions harmonized tariff code,Invoice
restaurant tab gratuity suggested tip split check table server pos terminal,Invoice
restaurant tab gratuity suggested tip split check table server pos terminal document section paragraph 0 details context,Invoice
construction progress billing milestone retainage lien waiver subcontractor,Invoice
construction progress billing milestone retainage lien waiver subcontractor document section paragraph 0 details context,Invoice
saas annual contract true up overage metered api calls invoice reconciliation,Invoice
saas annual contract true up overage metered api calls invoice reconciliation document section paragraph 0 details context,Invoice
hotel folio room charge minibar tax resort fee checkout express,Invoice
hotel folio room charge minibar tax resort fee checkout express document section paragraph 0 details context,Invoice
abstract introduction methods results discussion conclusion keywords doi arxiv,Research Paper
abstract introduction methods results discussion conclusion keywords doi arxiv abstract introduction methods results discussion conclusion keywords doi arxiv,Research Paper
arxiv doi keywords conclusion discussion results methods introduction abstract,Research Paper
peer reviewed journal manuscript submitted revised accepted publication citation,Research Paper
citation publication accepted revised submitted manuscript journal reviewed peer,Research Paper
experiment hypothesis dataset baseline model accuracy f1 auc precision recall,Research Paper
experiment hypothesis dataset baseline model accuracy f1 auc precision recall experiment hypothesis dataset baseline model accuracy f1 auc precision recall,Research Paper
recall precision auc f1 accuracy model baseline dataset hypothesis experiment,Research Paper
statistical analysis p value confidence interval significance test anova regression,Research Paper
regression anova test significance interval confidence value p analysis statistical,Research Paper
systematic review meta analysis prisma inclusion exclusion forest plot,Research Paper
systematic review meta analysis prisma inclusion exclusion forest plot systematic review meta analysis prisma inclusion exclusion forest plot,Research Paper
plot forest exclusion inclusion prisma analysis meta review systematic,Research Paper
figure table supplementary material appendix reproducibility code data availability,Research Paper
availability data code reproducibility appendix material supplementary table figure,Research Paper
grant acknowledgment funding agency ethics irb consent conflict interest,Research Paper
grant acknowledgment funding agency ethics irb consent conflict interest grant acknowledgment funding agency ethics irb consent conflict interest,Research Paper
interest conflict consent irb ethics agency funding acknowledgment grant,Research Paper
related work prior art state of the art comparison ablation hyperparameters,Research Paper
related work prior art state of the art comparison ablation hyperparameters related work prior art state of the art comparison ablation hyperparameters,Research Paper
hyperparameters ablation comparison art the of state art prior work related,Research Paper
neural network transformer bert lstm cnn training validation test split,Research Paper
neural network transformer bert lstm cnn training validation test split neural network transformer bert lstm cnn training validation test split,Research Paper
split test validation training cnn lstm bert transformer network neural,Research Paper
theorem proof lemma mathematical model simulation parameter sensitivity analysis,Research Paper
analysis sensitivity parameter simulation model mathematical lemma proof theorem,Research Paper
randomized double blind placebo controlled crossover factorial design power analysis,Research Paper
qualitative interviews thematic coding grounded theory saturation member checking,Research Paper
protein expression western blot pcr sequencing genome transcriptome proteomics,Research Paper
protein expression western blot pcr sequencing genome transcriptome proteomics document section paragraph 0 details context,Research Paper
finite element structural load simulation mesh boundary conditions convergence,Research Paper
finite element structural load simulation mesh boundary conditions convergence document section paragraph 0 details context,Research Paper
survey likert scale reliability cronbach alpha factor analysis structural equation,Research Paper
agreement parties whereas therefore witnesseth executed effective date governing law,Legal Document
law governing date effective executed witnesseth therefore whereas parties agreement,Legal Document
plaintiff defendant complaint answer discovery motion hearing court jurisdiction venue,Legal Document
venue jurisdiction court hearing motion discovery answer complaint defendant plaintiff,Legal Document
lease landlord tenant rent deposit term renewal termination notice default,Legal Document
lease landlord tenant rent deposit term renewal termination notice default lease landlord tenant rent deposit term renewal termination notice default,Legal Document
default notice termination renewal term deposit rent tenant landlord lease,Legal Document
non disclosure confidential proprietary information term survival injunctive relief,Legal Document
relief injunctive survival term information proprietary confidential disclosure non,Legal Document
terms of service privacy policy arbitration limitation liability indemnification,Legal Document
indemnification liability limitation arbitration policy privacy service of terms,Legal Document
will testament executor beneficiary estate probate codicil residuary clause,Legal Document
will testament executor beneficiary estate probate codicil residuary clause will testament executor beneficiary estate probate codicil residuary clause,Legal Document
clause residuary codicil probate estate beneficiary executor testament will,Legal Document
power of attorney agent principal durable healthcare financial notarized,Legal Document
power of attorney agent principal durable healthcare financial notarized power of attorney agent principal durable healthcare financial notarized,Legal Document
notarized financial healthcare durable principal agent attorney of power,Legal Document
settlement release claims consideration mutual confidentiality non disparagement,Legal Document
disparagement non confidentiality mutual consideration claims release settlement,Legal Document
article section clause amendment severability entire agreement assignment consent,Legal Document
consent assignment agreement entire severability amendment clause section article,Legal Document
intellectual property license sublicense royalty termination breach cure notice,Legal Document
intellectual property license sublicense royalty termination breach cure notice intellectual property license sublicense royalty termination breach cure notice,Legal Document
notice cure breach termination royalty sublicense license property intellectual,Legal Document
stock purchase merger acquisition due diligence representations warranties escrow,Legal Document
employment offer at will compensation benefits non compete restrictive covenant,Legal Document
employment offer at will compensation benefits non compete restrictive covenant document section paragraph 0 details context,Legal Document
trademark assignment recordation uspto specimen use commerce priority date,Legal Document
trademark assignment recordation uspto specimen use commerce priority date document section paragraph 0 details context,Legal Document
subpoena deposition exhibit marked confidential attorney client privilege work product,Legal Document
zoning variance hearing minutes resolution ordinance municipal code compliance,Legal Document
zoning variance hearing minutes resolution ordinance municipal code compliance document section paragraph 0 details context,Legal Document
